{"schemaVersion":"1.0","appDefinitionTemplate":{"id":"/providers/Microsoft.PowerApps/apps/","type":"Microsoft.PowerApps/apps","tags":{"primaryDeviceWidth":"444","primaryDeviceHeight":"790","sienaVersion":"20200531T165013Z-3.20051.17.0","deviceCapabilities":"","supportsPortrait":"true","supportsLandscape":"false","primaryFormFactor":"Web","publisherVersion":"3.20051.17","minimumRequiredApiVersion":"2.2.0","hasComponent":"false","hasUnlockedComponent":"false","isUnifiedRootApp":"false"},"properties":{"appVersion":"2020-05-31T16:50:13Z","lifeCycleId":"Published","createdByClientVersion":{"major":3,"minor":20051,"build":17,"revision":0,"majorRevision":0,"minorRevision":0},"minClientVersion":{"major":3,"minor":20051,"build":17,"revision":0,"majorRevision":0,"minorRevision":0},"backgroundColor":"rgba(0, 176, 240, 1)","backgroundImageUri":"/17534007282672313419/N61f8d36a-506b-4ea9-9322-d9fe1221d95e-logoSmallFile","displayName":"Formularze z listy 452b2c06-3281-4953-84a4-5b836865df55","description":"","commitMessage":"","appUris":{"documentUri":{"value":"/17534007282672313419/N3210cc3e-8b5d-4177-a559-5ea7659edb23-document.msapp","readonlyValue":"/17534007282672313419/N3210cc3e-8b5d-4177-a559-5ea7659edb23-document.msapp"},"imageUris":[]},"createdTime":"0001-01-01T00:00:00Z","lastModifiedTime":"0001-01-01T00:00:00Z","sharedGroupsCount":0,"sharedUsersCount":0,"icons":{"smallIconUri":"/17534007282672313419/Ncc5ab457-1295-476e-9693-3ec486af3f58-small.png","mediumIconUri":"/17534007282672313419/Nae02d5fd-ebc3-4e2a-bd24-be01947e9592-medium.png","largeIconUri":"/17534007282672313419/N95474809-8ea4-42d4-a769-5a7ebd708d67-large.png","wideIconUri":"/17534007282672313419/N003d3d21-0136-460c-a732-aa0ea8ea86e9-wide.png"},"connectionReferences":{"9c0d4eab-4b98-4c08-8d00-2e6592bcc6cd":{"id":"36b9aedc-61f1-4ed4-b031-3cfbc86bff1e","displayName":"SharePoint","iconUri":"https://connectoricons-prod.azureedge.net/sharepointonline/icon_1.0.1329.1956.png","dataSources":["SomeDataList","Dictionary2List"],"dependencies":[],"dependents":[],"parameterHints":{},"isOnPremiseConnection":false,"bypassConsent":true,"dataSets":{"https://tenanttocheck.sharepoint.com/sites/DevSiteForPowerApp":{"dataSources":{"SomeDataList":{"tableName":"452b2c06-3281-4953-84a4-5b836865df55"},"Dictionary2List":{"tableName":"92fa8373-7364-4666-920b-d762c40c3f2e"}}}},"apiTier":"Standard","isCustomApiConnection":false}},"databaseReferences":{},"embeddedApp":{"siteId":"https://tenanttocheck.sharepoint.com/sites/DevSiteForPowerApp","listId":"452b2c06-3281-4953-84a4-5b836865df55","listUrl":"https://tenanttocheck.sharepoint.com/sites/DevSiteForPowerApp/Lists/SomeDataList/AllItems.aspx","type":"SharepointFormApp","screenWidth":444,"screenHeight":790},"almMode":"Environment","canConsumeAppPass":true},"isAppComponentLibrary":false,"appType":"ClassicCanvasApp","appComponents":[]}}