{"name":"652753bf-9d5c-405d-a3ba-c367818fa7be","id":"/providers/Microsoft.Flow/flows/652753bf-9d5c-405d-a3ba-c367818fa7be","type":"Microsoft.Flow/flows","properties":{"apiId":"/providers/Microsoft.PowerApps/apis/shared_logicflows","displayName":"onItemApprovedChangePermissions","definition":{"metadata":{"workflowEntityId":null,"creator":{"id":"be11f523-2a4d-4eae-9d42-277410893c41","type":"User","tenantId":"2942bb31-1d49-4da6-8d3d-d0f9e1141486"},"provisioningMethod":"FromDefinition","failureAlertSubscription":true,"clientLastModifiedTime":"2020-02-03T21:16:45.7196274Z"},"$schema":"https://schema.management.azure.com/providers/Microsoft.Logic/schemas/2016-06-01/workflowdefinition.json#","contentVersion":"1.0.0.0","parameters":{"$connections":{"defaultValue":{},"type":"Object"},"$authentication":{"defaultValue":{},"type":"SecureObject"}},"triggers":{"Po_utworzeniu_lub_zmodyfikowaniu_elementu":{"recurrence":{"frequency":"Minute","interval":5},"splitOn":"@triggerBody()?['value']","metadata":{"flowSystemMetadata":{"swaggerOperationId":"GetOnUpdatedItems"}},"type":"ApiConnection","inputs":{"host":{"connection":{"name":"@parameters('$connections')['shared_sharepointonline']['connectionId']"},"api":{"runtimeUrl":"https://unitedstates-002.azure-apim.net/apim/sharepointonline"}},"method":"get","path":"/datasets/@{encodeURIComponent(encodeURIComponent('https://tenanttocheck.sharepoint.com/sites/DevSite'))}/tables/@{encodeURIComponent(encodeURIComponent('37a7fde0-6103-4f72-bc4f-41efb89d21c9'))}/onupdateditems","authentication":"@parameters('$authentication')"}}},"actions":{"SpSiteUrlVar":{"runAfter":{},"type":"InitializeVariable","inputs":{"variables":[{"name":"SpSiteUrl","type":"String","value":"https://tenanttocheck.sharepoint.com/sites/DevSite"}]}},"SpListNameVar":{"runAfter":{"SpSiteUrlVar":["Succeeded"]},"type":"InitializeVariable","inputs":{"variables":[{"name":"SpListName","type":"String","value":"CustomListForFlow"}]}},"SpGroupNameVar":{"runAfter":{"SpListNameVar":["Succeeded"]},"type":"InitializeVariable","inputs":{"variables":[{"name":"SpGroupName","type":"String","value":"testSPGroup"}]}},"if":{"actions":{"GetRoleId":{"runAfter":{"HTTPGetEditRoleDefenition":["Succeeded"]},"type":"ParseJson","inputs":{"content":"@body('HTTPGetEditRoleDefenition')","schema":{"type":"object","properties":{"d":{"type":"object","properties":{"Id":{"type":"integer"}}}}}}},"HTTPGetGroupId":{"runAfter":{"GetRoleId":["Succeeded"]},"metadata":{"flowSystemMetadata":{"swaggerOperationId":"HttpRequest"}},"type":"ApiConnection","inputs":{"host":{"connection":{"name":"@parameters('$connections')['shared_sharepointonline']['connectionId']"},"api":{"runtimeUrl":"https://unitedstates-002.azure-apim.net/apim/sharepointonline"}},"method":"post","body":{"method":"GET","uri":"/_api/web/sitegroups/getbyname('@{variables('SpGroupName')}')/id"},"path":"/datasets/@{encodeURIComponent(encodeURIComponent(variables('SpSiteUrl')))}/httprequest","authentication":"@parameters('$authentication')"}},"GetGroupId":{"runAfter":{"HTTPGetGroupId":["Succeeded"]},"type":"ParseJson","inputs":{"content":"@body('HTTPGetGroupId')","schema":{"type":"object","properties":{"d":{"type":"object","properties":{"Id":{"type":"integer"}}}}}}},"HTTPAddEditPermissionOnItemForSpGroup":{"runAfter":{"GetGroupId":["Succeeded"]},"metadata":{"flowSystemMetadata":{"swaggerOperationId":"HttpRequest"}},"type":"ApiConnection","inputs":{"host":{"connection":{"name":"@parameters('$connections')['shared_sharepointonline']['connectionId']"},"api":{"runtimeUrl":"https://unitedstates-002.azure-apim.net/apim/sharepointonline"}},"method":"post","body":{"method":"POST","uri":"/_api/web/lists/getbytitle('@{variables('SpListName')}')/items(@{triggerBody()?['ID']})/roleassignments/addroleassignment(principalid='@{body('GetGroupId')?['d']?['Id']}',roledefid='@{body('GetRoleId')?['d']?['Id']}')"},"path":"/datasets/@{encodeURIComponent(encodeURIComponent(variables('SpSiteUrl')))}/httprequest","authentication":"@parameters('$authentication')"}},"HTTPBreakInheritanceOnItem":{"runAfter":{},"metadata":{"flowSystemMetadata":{"swaggerOperationId":"HttpRequest"}},"type":"ApiConnection","inputs":{"host":{"connection":{"name":"@parameters('$connections')['shared_sharepointonline']['connectionId']"},"api":{"runtimeUrl":"https://unitedstates-002.azure-apim.net/apim/sharepointonline"}},"method":"post","body":{"method":"POST","uri":"/_api/web/lists/getbytitle('@{variables('SpListName')}')/items(@{triggerBody()?['ID']})/breakroleinheritance(false)"},"path":"/datasets/@{encodeURIComponent(encodeURIComponent(variables('SpSiteUrl')))}/httprequest","authentication":"@parameters('$authentication')"}},"HTTPGetEditRoleDefenition":{"runAfter":{"HTTPBreakInheritanceOnItem":["Succeeded"]},"metadata":{"flowSystemMetadata":{"swaggerOperationId":"HttpRequest"}},"type":"ApiConnection","inputs":{"host":{"connection":{"name":"@parameters('$connections')['shared_sharepointonline']['connectionId']"},"api":{"runtimeUrl":"https://unitedstates-002.azure-apim.net/apim/sharepointonline"}},"method":"post","body":{"method":"GET","uri":"/_api/web/roledefinitions/getbyname('Edycja')/id"},"path":"/datasets/@{encodeURIComponent(encodeURIComponent(variables('SpSiteUrl')))}/httprequest","authentication":"@parameters('$authentication')"}}},"runAfter":{"SpGroupNameVar":["Succeeded"]},"else":{"actions":{"EndFlow_ItemNotApproved":{"runAfter":{},"type":"Terminate","inputs":{"runStatus":"Cancelled"}}}},"expression":{"equals":["@triggerBody()?['{ModerationStatus}']","Approved"]},"type":"If"}}},"connectionReferences":{"shared_sharepointonline":{"connectionName":"shared-sharepointonl-6ef6f5d4-7955-47e9-9ebe-e16c8a33282f","source":"Embedded","id":"/providers/Microsoft.PowerApps/apis/shared_sharepointonline","tier":"NotSpecified"}},"flowFailureAlertSubscribed":false}}