{"schemaVersion":"1.0","appDefinitionTemplate":{"id":"/providers/Microsoft.PowerApps/apps/","type":"Microsoft.PowerApps/apps","tags":{"primaryDeviceWidth":"640","primaryDeviceHeight":"1136","sienaVersion":"20200531T194740Z-3.20051.17.0","deviceCapabilities":"","supportsPortrait":"true","supportsLandscape":"false","primaryFormFactor":"Phone","publisherVersion":"3.20051.17","minimumRequiredApiVersion":"2.2.0","hasComponent":"false","hasUnlockedComponent":"false","isUnifiedRootApp":"false"},"properties":{"appVersion":"2020-05-31T19:47:40Z","lifeCycleId":"Published","createdByClientVersion":{"major":3,"minor":20051,"build":17,"revision":0,"majorRevision":0,"minorRevision":0},"minClientVersion":{"major":3,"minor":20051,"build":17,"revision":0,"majorRevision":0,"minorRevision":0},"backgroundColor":"rgba(1, 131, 134, 1)","backgroundImageUri":"/6589535102027138934/Nf2404d4d-9e00-4475-bd64-6f45306f3376-logoSmallFile","displayName":"ModelDrivenAppBasedOnSharePointList","description":"","commitMessage":"","appUris":{"documentUri":{"value":"/6589535102027138934/Nf93016c8-73d9-445f-bc4d-32cd9ed53583-document.msapp","readonlyValue":"/6589535102027138934/Nf93016c8-73d9-445f-bc4d-32cd9ed53583-document.msapp"},"imageUris":[]},"createdTime":"0001-01-01T00:00:00Z","lastModifiedTime":"0001-01-01T00:00:00Z","sharedGroupsCount":0,"sharedUsersCount":0,"icons":{"smallIconUri":"/6589535102027138934/N1d6c725a-2a97-4c67-8546-7bc2d19e601b-small.png","mediumIconUri":"/6589535102027138934/N361d0dcc-29af-437b-bda7-2b1a42d98aed-medium.png","largeIconUri":"/6589535102027138934/Nb587741d-44b3-422e-9eb1-59d9c740749a-large.png","wideIconUri":"/6589535102027138934/N3df9549f-649c-4798-849a-e444ffa5b056-wide.png"},"connectionReferences":{"da27d2a0-f91e-44e0-8ae8-ecaffefef273":{"id":"36b9aedc-61f1-4ed4-b031-3cfbc86bff1e","displayName":"SharePoint","iconUri":"https://connectoricons-prod.azureedge.net/sharepointonline/icon_1.0.1329.1956.png","dataSources":["DataSourceList1"],"dependencies":[],"dependents":[],"parameterHints":{},"isOnPremiseConnection":false,"bypassConsent":false,"dataSets":{"https://tenanttocheck.sharepoint.com/sites/DevSiteForPowerApp":{"dataSources":{"DataSourceList1":{"tableName":"c07539da-3869-4228-a0e4-4cb2b2f79c33"}}}},"apiTier":"Standard","isCustomApiConnection":false}},"databaseReferences":{},"almMode":"Environment","performanceOptimizationEnabled":true,"canConsumeAppPass":true},"isAppComponentLibrary":false,"appType":"ClassicCanvasApp","appComponents":[]}}