{"name":"8537cf31-4f8c-4bc4-a43c-afaf0765fe75","id":"/providers/Microsoft.Flow/flows/8537cf31-4f8c-4bc4-a43c-afaf0765fe75","type":"Microsoft.Flow/flows","properties":{"apiId":"/providers/Microsoft.PowerApps/apis/shared_logicflows","displayName":"ErrorHandling","definition":{"metadata":{"workflowEntityId":null,"creator":{"id":"be11f523-2a4d-4eae-9d42-277410893c41","type":"User","tenantId":"2942bb31-1d49-4da6-8d3d-d0f9e1141486"},"provisioningMethod":"FromDefinition","failureAlertSubscription":true,"clientLastModifiedTime":"2020-02-03T20:11:33.3798015Z"},"$schema":"https://schema.management.azure.com/providers/Microsoft.Logic/schemas/2016-06-01/workflowdefinition.json#","contentVersion":"1.0.0.0","parameters":{"$connections":{"defaultValue":{},"type":"Object"},"$authentication":{"defaultValue":{},"type":"SecureObject"}},"triggers":{"manual":{"type":"Request","kind":"Button","inputs":{"schema":{"type":"object","properties":{},"required":[]}}}},"actions":{"SPSiteUrlVar":{"runAfter":{},"type":"InitializeVariable","inputs":{"variables":[{"name":"SPSiteUrl","type":"String","value":"https://tenanttocheck.sharepoint.com/sites/DevSite"}]}},"SPListNameVar":{"runAfter":{"SPSiteUrlVar":["Succeeded"]},"type":"InitializeVariable","inputs":{"variables":[{"name":"SPListName","type":"String","value":"SomeListThatDoesNotExists"}]}},"SPApiGetListItems":{"runAfter":{"HttpResultVar":["Succeeded"]},"metadata":{"flowSystemMetadata":{"swaggerOperationId":"HttpRequest"}},"type":"ApiConnection","inputs":{"host":{"connection":{"name":"@json(decodeBase64(triggerOutputs().headers['X-MS-APIM-Tokens']))['$connections']['shared_sharepointonline']['connectionId']"},"api":{"runtimeUrl":"https://unitedstates-002.azure-apim.net/apim/sharepointonline"}},"method":"post","body":{"method":"GET","uri":"/_api/web/lists/GetByTitle('@{variables('SPListName')}')/items"},"path":"/datasets/@{encodeURIComponent(encodeURIComponent(variables('SPSiteUrl')))}/httprequest","authentication":{"type":"Raw","value":"@json(decodeBase64(triggerOutputs().headers['X-MS-APIM-Tokens']))['$ConnectionKey']"}}},"Success":{"actions":{"SetResultSuccess":{"runAfter":{},"type":"SetVariable","inputs":{"name":"FlowResult","value":"@{body('SPApiGetListItems')}"}}},"runAfter":{"SPApiGetListItems":["Succeeded"]},"type":"Scope"},"Failure":{"actions":{"Przeanalizuj_dane_JSON":{"runAfter":{},"type":"ParseJson","inputs":{"content":"@body('SPApiGetListItems')","schema":{"type":"object","properties":{"message":{"type":"string"},"status":{"type":"integer"},"source":{"type":"string"},"errors":{"type":"array","items":{"type":"string"}}}}}},"SetHttpResultFailure":{"runAfter":{"Przeanalizuj_dane_JSON":["Succeeded"]},"type":"SetVariable","inputs":{"name":"HttpResult","value":"@{body('Przeanalizuj_dane_JSON')?['status']}"}},"Przełącznik":{"runAfter":{"SetHttpResultFailure":["Succeeded"]},"cases":{"400":{"case":400,"actions":{}},"404":{"case":404,"actions":{}}},"default":{"actions":{}},"expression":"@variables('HttpResult')","type":"Switch"}},"runAfter":{"SPApiGetListItems":["Failed","Skipped","TimedOut"]},"type":"Scope"},"FlowResultVar":{"runAfter":{"SPListNameVar":["Succeeded"]},"type":"InitializeVariable","inputs":{"variables":[{"name":"FlowResult","type":"String"}]}},"Finall":{"actions":{},"runAfter":{"SPApiGetListItems":["Succeeded","Failed","Skipped","TimedOut"]},"type":"Scope"},"HttpResultVar":{"runAfter":{"FlowResultVar":["Succeeded"]},"type":"InitializeVariable","inputs":{"variables":[{"name":"HttpResult","type":"String"}]}}}},"connectionReferences":{"shared_sharepointonline":{"connectionName":"shared-sharepointonl-6ef6f5d4-7955-47e9-9ebe-e16c8a33282f","source":"Invoker","id":"/providers/Microsoft.PowerApps/apis/shared_sharepointonline","tier":"NotSpecified"}},"flowFailureAlertSubscribed":false}}