{"schemaVersion":"1.0","appDefinitionTemplate":{"id":"/providers/Microsoft.PowerApps/apps/","type":"Microsoft.PowerApps/apps","tags":{"primaryDeviceWidth":"1366","primaryDeviceHeight":"768","sienaVersion":"20200531T210253Z-3.20051.17.0","deviceCapabilities":"","supportsPortrait":"false","supportsLandscape":"true","primaryFormFactor":"Tablet","publisherVersion":"3.20051.17","minimumRequiredApiVersion":"2.2.0","hasComponent":"false","hasUnlockedComponent":"false","isUnifiedRootApp":"false"},"properties":{"appVersion":"2020-05-31T21:02:53Z","lifeCycleId":"Published","createdByClientVersion":{"major":3,"minor":20051,"build":17,"revision":0,"majorRevision":0,"minorRevision":0},"minClientVersion":{"major":3,"minor":20051,"build":17,"revision":0,"majorRevision":0,"minorRevision":0},"backgroundColor":"rgba(0, 176, 240, 1)","backgroundImageUri":"/16935842128496330888/N4edcb18d-bc45-4aa1-8af2-7c5a66388a28-logoSmallFile","displayName":"CanvasApp","description":"","commitMessage":"","appUris":{"documentUri":{"value":"/16935842128496330888/Nf2da1ba6-0bf7-48a0-86ca-226afcfdce6c-document.msapp","readonlyValue":"/16935842128496330888/Nf2da1ba6-0bf7-48a0-86ca-226afcfdce6c-document.msapp"},"imageUris":[]},"createdTime":"0001-01-01T00:00:00Z","lastModifiedTime":"0001-01-01T00:00:00Z","sharedGroupsCount":0,"sharedUsersCount":0,"icons":{"smallIconUri":"/16935842128496330888/N59736a92-f574-480b-bc26-bc7eb0962c43-small.png","mediumIconUri":"/16935842128496330888/Nae2863fb-86a6-4af0-8e68-7c3d7e99a464-medium.png","largeIconUri":"/16935842128496330888/N9e02764d-9c11-4e97-8048-5a7234873c1a-large.png","wideIconUri":"/16935842128496330888/N9db8796b-ea21-40d5-a10b-794d69cc0e67-wide.png"},"connectionReferences":{"ae29f0d2-90a4-46ac-b0f6-994275c219b6":{"id":"36b9aedc-61f1-4ed4-b031-3cfbc86bff1e","displayName":"SharePoint","iconUri":"https://connectoricons-prod.azureedge.net/sharepointonline/icon_1.0.1329.1956.png","dataSources":["DataSourceList1"],"dependencies":[],"dependents":[],"parameterHints":{},"isOnPremiseConnection":false,"bypassConsent":false,"dataSets":{"https://tenanttocheck.sharepoint.com/sites/DevSiteForPowerApp":{"dataSources":{"DataSourceList1":{"tableName":"c07539da-3869-4228-a0e4-4cb2b2f79c33"}}}},"apiTier":"Standard","isCustomApiConnection":false}},"databaseReferences":{},"almMode":"Environment","performanceOptimizationEnabled":true,"canConsumeAppPass":true},"isAppComponentLibrary":false,"appType":"ClassicCanvasApp","appComponents":[]}}