{"name":"9a01210a-f1ba-40be-9f05-551d8723b73e","id":"/providers/Microsoft.Flow/flows/9a01210a-f1ba-40be-9f05-551d8723b73e","type":"Microsoft.Flow/flows","properties":{"apiId":"/providers/Microsoft.PowerApps/apis/shared_logicflows","displayName":"Button -> SharePointApiGetUsersFromGroup,SharePointSiteCollectionVa...","definition":{"metadata":{"workflowEntityId":null,"creator":{"id":"be11f523-2a4d-4eae-9d42-277410893c41","type":"User","tenantId":"2942bb31-1d49-4da6-8d3d-d0f9e1141486"},"provisioningMethod":"FromDefinition","failureAlertSubscription":true,"clientLastModifiedTime":"2020-02-01T21:53:21.1798688Z"},"$schema":"https://schema.management.azure.com/providers/Microsoft.Logic/schemas/2016-06-01/workflowdefinition.json#","contentVersion":"1.0.0.0","parameters":{"$connections":{"defaultValue":{},"type":"Object"},"$authentication":{"defaultValue":{},"type":"SecureObject"}},"triggers":{"manual":{"type":"Request","kind":"Button","inputs":{"schema":{"type":"object","properties":{},"required":[]}}}},"actions":{"SharePointApiGetUsersFromGroup":{"runAfter":{"UserMailArr":["Succeeded"]},"metadata":{"flowSystemMetadata":{"swaggerOperationId":"HttpRequest"}},"type":"ApiConnection","inputs":{"host":{"connection":{"name":"@json(decodeBase64(triggerOutputs().headers['X-MS-APIM-Tokens']))['$connections']['shared_sharepointonline']['connectionId']"},"api":{"runtimeUrl":"https://unitedstates-002.azure-apim.net/apim/sharepointonline"}},"method":"post","body":{"method":"GET","uri":"/_api/Web/SiteGroups/GetByName('@{variables('SharePointGroupName')}')/users"},"path":"/datasets/@{encodeURIComponent(encodeURIComponent(variables('SharePointSiteCollection')))}/httprequest","authentication":{"type":"Raw","value":"@json(decodeBase64(triggerOutputs().headers['X-MS-APIM-Tokens']))['$ConnectionKey']"}}},"SharePointSiteCollectionVar":{"runAfter":{},"type":"InitializeVariable","inputs":{"variables":[{"name":"SharePointSiteCollection","type":"String","value":"https://tenanttocheck.sharepoint.com/sites/DevSite"}]}},"SharePointGroupNameVar":{"runAfter":{"SharePointSiteCollectionVar":["Succeeded"]},"type":"InitializeVariable","inputs":{"variables":[{"name":"SharePointGroupName","type":"String","value":"testSPGroup"}]}},"Przeanalizuj_dane_JSON":{"runAfter":{"SharePointApiGetUsersFromGroup":["Succeeded"]},"type":"ParseJson","inputs":{"content":"@body('SharePointApiGetUsersFromGroup')","schema":{"type":"object","properties":{"d":{"type":"object","properties":{"results":{"type":"array","items":{"type":"object","properties":{"__metadata":{"type":"object","properties":{"id":{"type":"string"},"uri":{"type":"string"},"type":{"type":"string"}}},"Alerts":{"type":"object","properties":{"__deferred":{"type":"object","properties":{"uri":{"type":"string"}}}}},"Groups":{"type":"object","properties":{"__deferred":{"type":"object","properties":{"uri":{"type":"string"}}}}},"Id":{"type":"integer"},"IsHiddenInUI":{"type":"boolean"},"LoginName":{"type":"string"},"Title":{"type":"string"},"PrincipalType":{"type":"integer"},"Email":{"type":"string"},"Expiration":{"type":"string"},"IsEmailAuthenticationGuestUser":{"type":"boolean"},"IsShareByEmailGuestUser":{"type":"boolean"},"IsSiteAdmin":{"type":"boolean"}},"required":["__metadata","Alerts","Groups","Id","IsHiddenInUI","LoginName","Title","PrincipalType","Email","Expiration","IsEmailAuthenticationGuestUser","IsShareByEmailGuestUser","IsSiteAdmin","UserId","UserPrincipalName"]}}}}}}}},"ForEach":{"foreach":"@body('Przeanalizuj_dane_JSON')?['d']?['results']","actions":{"SetGroupElementVar":{"runAfter":{},"type":"SetVariable","inputs":{"name":"GroupElement","value":"@items('ForEach')?['LoginName']"}},"CheckIfUser":{"actions":{"ApplyToArr":{"runAfter":{},"type":"AppendToArrayVariable","inputs":{"name":"UserMailArr","value":"@last(split(variables('GroupElement'),'|membership|'))"}}},"runAfter":{"SetGroupElementVar":["Succeeded"]},"else":{"actions":{"Pobierz_członków_grupy":{"runAfter":{},"metadata":{"flowSystemMetadata":{"swaggerOperationId":"GetGroupMembers"}},"type":"ApiConnection","inputs":{"host":{"connection":{"name":"@json(decodeBase64(triggerOutputs().headers['X-MS-APIM-Tokens']))['$connections']['shared_azuread']['connectionId']"},"api":{"runtimeUrl":"https://unitedstates-002.azure-apim.net/apim/azuread"}},"method":"get","path":"/v1.0/groups/@{encodeURIComponent(last(split(variables('GroupElement'),'|tenant|')))}/members","authentication":{"type":"Raw","value":"@json(decodeBase64(triggerOutputs().headers['X-MS-APIM-Tokens']))['$ConnectionKey']"}}},"ForEachADGroup":{"foreach":"@body('Pobierz_członków_grupy')?['value']","actions":{"ApplyToArr2":{"runAfter":{},"type":"AppendToArrayVariable","inputs":{"name":"UserMailArr","value":"@items('ForEachADGroup')?['UserPrincipalName']"}}},"runAfter":{"Pobierz_członków_grupy":["Succeeded"]},"type":"Foreach"}}},"expression":{"contains":["@variables('GroupElement')","|membership|"]},"type":"If"}},"runAfter":{"Przeanalizuj_dane_JSON":["Succeeded"]},"type":"Foreach"},"GroupElementVar":{"runAfter":{"SharePointGroupNameVar":["Succeeded"]},"type":"InitializeVariable","inputs":{"variables":[{"name":"GroupElement","type":"String"}]}},"UserMailArr":{"runAfter":{"GroupElementVar":["Succeeded"]},"type":"InitializeVariable","inputs":{"variables":[{"name":"UserMailArr","type":"Array"}]}},"OutputVar":{"runAfter":{"ForEach":["Succeeded"]},"type":"InitializeVariable","inputs":{"variables":[{"name":"output","type":"String","value":"@{join(variables('UserMailArr'), ';')}"}]}}},"outputs":{}},"connectionReferences":{"shared_sharepointonline":{"connectionName":"shared-sharepointonl-6ef6f5d4-7955-47e9-9ebe-e16c8a33282f","source":"Invoker","id":"/providers/Microsoft.PowerApps/apis/shared_sharepointonline","tier":"NotSpecified"},"shared_azuread":{"connectionName":"shared-azuread-85675826-f0ea-4fdc-9c46-8f598149e534","source":"Invoker","id":"/providers/Microsoft.PowerApps/apis/shared_azuread","tier":"NotSpecified"}},"flowFailureAlertSubscribed":false}}