{"schemaVersion":"1.0","appDefinitionTemplate":{"id":"/providers/Microsoft.PowerApps/apps/","type":"Microsoft.PowerApps/apps","tags":{"primaryDeviceWidth":"640","primaryDeviceHeight":"1136","sienaVersion":"20210321T174852Z-3.21031.49.0","deviceCapabilities":"webcam","supportsPortrait":"true","supportsLandscape":"false","primaryFormFactor":"Phone","publisherVersion":"3.21031.49","minimumRequiredApiVersion":"2.2.0","hasComponent":"false","hasUnlockedComponent":"false","isUnifiedRootApp":"false"},"properties":{"appVersion":"2021-03-21T17:48:52Z","lifeCycleId":"Published","createdByClientVersion":{"major":3,"minor":21031,"build":49,"revision":0,"majorRevision":0,"minorRevision":0},"minClientVersion":{"major":0,"minor":0,"build":0,"revision":0,"majorRevision":0,"minorRevision":0},"backgroundColor":"rgba(12, 193, 169, 1)","backgroundImageUri":"/6183529030517427685/Na0f8b0b2-01d5-4141-a5e9-299079277c2b-logoSmallFile","displayName":"Skaner Kodów QR","commitMessage":"Zapisane przez program test Studio","appUris":{"documentUri":{"value":"/6183529030517427685/Nba4f4bc5-cf9e-47b6-856b-6e299d0cd767-document.msapp"},"imageUris":[]},"createdTime":"0001-01-01T00:00:00Z","lastModifiedTime":"0001-01-01T00:00:00Z","sharedGroupsCount":0,"sharedUsersCount":0,"icons":{"smallIconUri":"/6183529030517427685/N80c2a035-b880-4dec-852f-9206b6281cb1-small.png","mediumIconUri":"/6183529030517427685/Nf30fdd06-60ed-48d7-8cf7-4c61546ab02d-medium.png","largeIconUri":"/6183529030517427685/N83fb3b17-3dcf-4bf5-94df-48489f742df4-large.png","wideIconUri":"/6183529030517427685/N1d953e93-4e91-470d-a2d7-a5ad3841b98a-wide.png"},"connectionReferences":{},"databaseReferences":{"default.cds":{"databaseDetails":{"referenceType":"Environmental","environmentName":"default.cds"},"dataSources":{"Historia QR Kodów":{"entitySetName":"crf61_historiaqrkodows","logicalName":"crf61_historiaqrkodow"}}}},"almMode":"Environment","performanceOptimizationEnabled":true,"canConsumeAppPass":true,"executionRestrictions":{"isTeamsOnly":false,"dataLossPreventionEvaluationResult":{"status":"Compliant","lastEvaluationDate":"2021-03-21T15:02:55.1036074Z","violationDetails":[]}}},"appType":"ClassicCanvasApp","appComponents":[]}}