{"name":"a5cda381-5760-42db-bde4-ec0f72d79ea9","id":"/providers/Microsoft.Flow/flows/a5cda381-5760-42db-bde4-ec0f72d79ea9","type":"Microsoft.Flow/flows","properties":{"apiId":"/providers/Microsoft.PowerApps/apis/shared_logicflows","displayName":"WhenIEnter","definition":{"metadata":{"workflowEntityId":null,"creator":{"id":"be11f523-2a4d-4eae-9d42-277410893c41","type":"User","tenantId":"2942bb31-1d49-4da6-8d3d-d0f9e1141486"},"provisioningMethod":"FromDefinition","failureAlertSubscription":true,"clientLastModifiedTime":"2020-02-23T17:59:19.4151908Z"},"$schema":"https://schema.management.azure.com/providers/Microsoft.Logic/schemas/2016-06-01/workflowdefinition.json#","contentVersion":"1.0.0.0","parameters":{"$connections":{"defaultValue":{},"type":"Object"},"$authentication":{"defaultValue":{},"type":"SecureObject"}},"triggers":{"manual":{"type":"Request","kind":"Geofence","inputs":{"parameters":{"serializedGeofence":{"type":"Circle","latitude":51.801387055948013,"longitude":19.380588468323616,"radius":42}}}}},"actions":{"Utwórz_element":{"runAfter":{},"metadata":{"flowSystemMetadata":{"swaggerOperationId":"PostItem"}},"type":"ApiConnection","inputs":{"host":{"connection":{"name":"@parameters('$connections')['shared_sharepointonline']['connectionId']"},"api":{"runtimeUrl":"https://unitedstates-002.azure-apim.net/apim/sharepointonline"}},"method":"post","body":{"Title":"@{utcNow()}"},"path":"/datasets/@{encodeURIComponent(encodeURIComponent('https://tenanttocheck.sharepoint.com/sites/showMyEnterTime'))}/tables/@{encodeURIComponent(encodeURIComponent('2cbd312d-24e5-48d9-9933-08414c00ce93'))}/items","authentication":"@parameters('$authentication')"}}},"outputs":{}},"connectionReferences":{"shared_sharepointonline":{"connectionName":"shared-sharepointonl-6ef6f5d4-7955-47e9-9ebe-e16c8a33282f","source":"Embedded","id":"/providers/Microsoft.PowerApps/apis/shared_sharepointonline","tier":"NotSpecified"}},"flowFailureAlertSubscribed":false}}